instance_name,instance_path,difficulty,size,attempt,seed,rows,cols,num_cells,generation_time,generation_status,generation_error,time_limit,row_clue_total,fixed_used_count,fixed_empty_count,fixed_edge_count,fixed_pattern_count,used_cells,status,is_feasible,is_optimal,validation_passed,solve_time,error
easy_5x5_01.txt,data\tracks\generated\easy_5x5_01.txt,Easy,5x5,1,505214,5,5,25,0.00018360000103712082,generated,,120.0,9,5,0,2,0,9,optimal,True,True,True,0.03787140001077205,
easy_5x5_02.txt,data\tracks\generated\easy_5x5_02.txt,Easy,5x5,2,505215,5,5,25,0.0001742999884299934,generated,,120.0,9,5,0,2,0,9,optimal,True,True,True,0.0359996999904979,
easy_5x5_03.txt,data\tracks\generated\easy_5x5_03.txt,Easy,5x5,3,505216,5,5,25,0.00015999999595806003,generated,,120.0,9,5,0,2,0,9,optimal,True,True,True,0.03660620001028292,
easy_5x5_04.txt,data\tracks\generated\easy_5x5_04.txt,Easy,5x5,4,505217,5,5,25,0.00023999999393709004,generated,,120.0,9,5,0,2,0,9,optimal,True,True,True,0.03599360000225715,
easy_5x5_05.txt,data\tracks\generated\easy_5x5_05.txt,Easy,5x5,5,505218,5,5,25,0.0001637000241316855,generated,,120.0,9,5,0,2,0,9,optimal,True,True,True,0.03784279999672435,
easy_5x5_06.txt,data\tracks\generated\easy_5x5_06.txt,Easy,5x5,6,505219,5,5,25,0.00016300001880154014,generated,,120.0,9,5,0,2,0,9,optimal,True,True,True,0.03990150001482107,
easy_5x5_07.txt,data\tracks\generated\easy_5x5_07.txt,Easy,5x5,7,505220,5,5,25,0.00015700000221841037,generated,,120.0,9,5,0,2,0,9,optimal,True,True,True,0.03765489999204874,
easy_5x5_08.txt,data\tracks\generated\easy_5x5_08.txt,Easy,5x5,8,505221,5,5,25,0.00020400001085363328,generated,,120.0,9,5,0,2,0,9,optimal,True,True,True,0.036037999991094694,
easy_5x5_09.txt,data\tracks\generated\easy_5x5_09.txt,Easy,5x5,9,505222,5,5,25,0.0001564999984111637,generated,,120.0,9,5,0,2,0,9,optimal,True,True,True,0.039663400006247684,
easy_5x5_10.txt,data\tracks\generated\easy_5x5_10.txt,Easy,5x5,10,505223,5,5,25,0.00021520000882446766,generated,,120.0,9,5,0,2,0,9,optimal,True,True,True,0.046933499979786575,
medium_5x5_01.txt,data\tracks\generated\medium_5x5_01.txt,Medium,5x5,1,505224,5,5,25,0.00016910000704228878,generated,,120.0,9,3,0,1,0,9,optimal,True,True,True,0.04111770002054982,
medium_5x5_02.txt,data\tracks\generated\medium_5x5_02.txt,Medium,5x5,2,505225,5,5,25,0.0023821000067982823,generated,,120.0,9,3,0,1,0,9,optimal,True,True,True,0.056243999977596104,
medium_5x5_03.txt,data\tracks\generated\medium_5x5_03.txt,Medium,5x5,3,505226,5,5,25,0.00021329999435693026,generated,,120.0,9,3,0,1,0,9,optimal,True,True,True,0.048764799983473495,
medium_5x5_04.txt,data\tracks\generated\medium_5x5_04.txt,Medium,5x5,4,505227,5,5,25,0.00040940000326372683,generated,,120.0,9,3,0,1,0,9,optimal,True,True,True,0.04051869999966584,
medium_5x5_05.txt,data\tracks\generated\medium_5x5_05.txt,Medium,5x5,5,505228,5,5,25,0.0002443999983370304,generated,,120.0,9,3,0,1,0,9,optimal,True,True,True,0.041402900009416044,
medium_5x5_06.txt,data\tracks\generated\medium_5x5_06.txt,Medium,5x5,6,505229,5,5,25,0.00017070001922547817,generated,,120.0,9,3,0,1,0,9,optimal,True,True,True,0.03745770000386983,
medium_5x5_07.txt,data\tracks\generated\medium_5x5_07.txt,Medium,5x5,7,505230,5,5,25,0.00015330000314861536,generated,,120.0,9,3,0,1,0,9,optimal,True,True,True,0.03745250002248213,
medium_5x5_08.txt,data\tracks\generated\medium_5x5_08.txt,Medium,5x5,8,505231,5,5,25,0.00015780000831000507,generated,,120.0,9,3,0,1,0,9,optimal,True,True,True,0.042912400007480755,
medium_5x5_09.txt,data\tracks\generated\medium_5x5_09.txt,Medium,5x5,9,505232,5,5,25,0.00024029999622143805,generated,,120.0,9,3,0,1,0,9,optimal,True,True,True,0.042259300011210144,
medium_5x5_10.txt,data\tracks\generated\medium_5x5_10.txt,Medium,5x5,10,505233,5,5,25,0.0001897999900393188,generated,,120.0,9,3,0,1,0,9,optimal,True,True,True,0.0438125999935437,
hard_5x5_01.txt,data\tracks\generated\hard_5x5_01.txt,Hard,5x5,1,505234,5,5,25,0.00022570000146515667,generated,,120.0,17,3,0,1,0,17,optimal,True,True,True,0.04833409999264404,
hard_5x5_02.txt,data\tracks\generated\hard_5x5_02.txt,Hard,5x5,2,505235,5,5,25,0.0002792000013869256,generated,,120.0,17,3,0,1,0,17,optimal,True,True,True,0.04678289999719709,
hard_5x5_03.txt,data\tracks\generated\hard_5x5_03.txt,Hard,5x5,3,505236,5,5,25,0.00018089998047798872,generated,,120.0,25,3,0,1,0,25,optimal,True,True,True,0.0513898000062909,
hard_5x5_04.txt,data\tracks\generated\hard_5x5_04.txt,Hard,5x5,4,505237,5,5,25,0.00017179999849759042,generated,,120.0,17,3,0,1,0,17,optimal,True,True,True,0.04590480000479147,
hard_5x5_05.txt,data\tracks\generated\hard_5x5_05.txt,Hard,5x5,5,505238,5,5,25,0.0001734999823383987,generated,,120.0,25,3,0,1,0,25,optimal,True,True,True,0.04836829999112524,
hard_5x5_06.txt,data\tracks\generated\hard_5x5_06.txt,Hard,5x5,6,505239,5,5,25,0.000225499999942258,generated,,120.0,25,3,0,1,0,25,optimal,True,True,True,0.04874599998584017,
hard_5x5_07.txt,data\tracks\generated\hard_5x5_07.txt,Hard,5x5,7,505240,5,5,25,0.00017829998978413641,generated,,120.0,25,3,0,1,0,25,optimal,True,True,True,0.044180500000948086,
hard_5x5_08.txt,data\tracks\generated\hard_5x5_08.txt,Hard,5x5,8,505241,5,5,25,0.00020860001677647233,generated,,120.0,25,3,0,1,0,25,optimal,True,True,True,0.05157919999328442,
hard_5x5_09.txt,data\tracks\generated\hard_5x5_09.txt,Hard,5x5,9,505242,5,5,25,0.0001947999990079552,generated,,120.0,17,3,0,1,0,17,optimal,True,True,True,0.04470250001759268,
hard_5x5_10.txt,data\tracks\generated\hard_5x5_10.txt,Hard,5x5,10,505243,5,5,25,0.0001723000023048371,generated,,120.0,25,3,0,1,0,25,optimal,True,True,True,0.049355900002410635,
easy_6x6_01.txt,data\tracks\generated\easy_6x6_01.txt,Easy,6x6,1,606214,6,6,36,0.00016650001634843647,generated,,120.0,11,6,0,3,0,11,optimal,True,True,True,0.044802999997045845,
easy_6x6_02.txt,data\tracks\generated\easy_6x6_02.txt,Easy,6x6,2,606215,6,6,36,0.00020280000171624124,generated,,120.0,11,6,0,3,0,11,optimal,True,True,True,0.040691700007300824,
easy_6x6_03.txt,data\tracks\generated\easy_6x6_03.txt,Easy,6x6,3,606216,6,6,36,0.0001618000096641481,generated,,120.0,11,6,0,3,0,11,optimal,True,True,True,0.04020220000529662,
easy_6x6_04.txt,data\tracks\generated\easy_6x6_04.txt,Easy,6x6,4,606217,6,6,36,0.00017690000822767615,generated,,120.0,11,6,0,3,0,11,optimal,True,True,True,0.041746300004888326,
easy_6x6_05.txt,data\tracks\generated\easy_6x6_05.txt,Easy,6x6,5,606218,6,6,36,0.00016909997793845832,generated,,120.0,11,6,0,3,0,11,optimal,True,True,True,0.04300969999167137,
easy_6x6_06.txt,data\tracks\generated\easy_6x6_06.txt,Easy,6x6,6,606219,6,6,36,0.00015730000450275838,generated,,120.0,11,6,0,3,0,11,optimal,True,True,True,0.045776200015097857,
easy_6x6_07.txt,data\tracks\generated\easy_6x6_07.txt,Easy,6x6,7,606220,6,6,36,0.0001847999810706824,generated,,120.0,11,6,0,3,0,11,optimal,True,True,True,0.04267279998748563,
easy_6x6_08.txt,data\tracks\generated\easy_6x6_08.txt,Easy,6x6,8,606221,6,6,36,0.00018790000467561185,generated,,120.0,11,6,0,3,0,11,optimal,True,True,True,0.050602000002982095,
easy_6x6_09.txt,data\tracks\generated\easy_6x6_09.txt,Easy,6x6,9,606222,6,6,36,0.0003142000059597194,generated,,120.0,11,6,0,3,0,11,optimal,True,True,True,0.03793510000105016,
easy_6x6_10.txt,data\tracks\generated\easy_6x6_10.txt,Easy,6x6,10,606223,6,6,36,0.00015490001533180475,generated,,120.0,11,6,0,3,0,11,optimal,True,True,True,0.05543290000059642,
medium_6x6_01.txt,data\tracks\generated\medium_6x6_01.txt,Medium,6x6,1,606224,6,6,36,0.00017929999739862978,generated,,120.0,31,4,0,2,0,31,optimal,True,True,True,0.05472290000761859,
medium_6x6_02.txt,data\tracks\generated\medium_6x6_02.txt,Medium,6x6,2,606225,6,6,36,0.0001716000260785222,generated,,120.0,31,4,0,2,0,31,optimal,True,True,True,0.057082299987087026,
medium_6x6_03.txt,data\tracks\generated\medium_6x6_03.txt,Medium,6x6,3,606226,6,6,36,0.0002010999887716025,generated,,120.0,31,4,0,2,0,31,optimal,True,True,True,0.060087199992267415,
medium_6x6_04.txt,data\tracks\generated\medium_6x6_04.txt,Medium,6x6,4,606227,6,6,36,0.0001700999855529517,generated,,120.0,21,4,0,2,0,21,optimal,True,True,True,0.052020100003574044,
medium_6x6_05.txt,data\tracks\generated\medium_6x6_05.txt,Medium,6x6,5,606228,6,6,36,0.00017679997836239636,generated,,120.0,21,4,0,2,0,21,optimal,True,True,True,0.056125200004316866,
medium_6x6_06.txt,data\tracks\generated\medium_6x6_06.txt,Medium,6x6,6,606229,6,6,36,0.00020249999943189323,generated,,120.0,21,4,0,2,0,21,optimal,True,True,True,0.08084650000091642,
medium_6x6_07.txt,data\tracks\generated\medium_6x6_07.txt,Medium,6x6,7,606230,6,6,36,0.00027840002439916134,generated,,120.0,31,4,0,2,0,31,optimal,True,True,True,0.06296100001782179,
medium_6x6_08.txt,data\tracks\generated\medium_6x6_08.txt,Medium,6x6,8,606231,6,6,36,0.00029009999707341194,generated,,120.0,21,4,0,2,0,21,optimal,True,True,True,0.05838709999807179,
medium_6x6_09.txt,data\tracks\generated\medium_6x6_09.txt,Medium,6x6,9,606232,6,6,36,0.00019019999308511615,generated,,120.0,31,4,0,2,0,31,optimal,True,True,True,0.05713380000088364,
medium_6x6_10.txt,data\tracks\generated\medium_6x6_10.txt,Medium,6x6,10,606233,6,6,36,0.0002877000079024583,generated,,120.0,31,4,0,2,0,31,optimal,True,True,True,0.05695779999950901,
hard_6x6_01.txt,data\tracks\generated\hard_6x6_01.txt,Hard,6x6,1,606234,6,6,36,0.00028009997913613915,generated,,120.0,31,3,0,1,0,31,optimal,True,True,True,0.05828500000643544,
hard_6x6_02.txt,data\tracks\generated\hard_6x6_02.txt,Hard,6x6,2,606235,6,6,36,0.00017369998386129737,generated,,120.0,31,3,0,1,0,31,optimal,True,True,True,0.0543214000063017,
hard_6x6_03.txt,data\tracks\generated\hard_6x6_03.txt,Hard,6x6,3,606236,6,6,36,0.00017660000594332814,generated,,120.0,31,3,0,1,0,31,optimal,True,True,True,0.05476200001430698,
hard_6x6_04.txt,data\tracks\generated\hard_6x6_04.txt,Hard,6x6,4,606237,6,6,36,0.00023460001102648675,generated,,120.0,21,3,0,1,0,21,optimal,True,True,True,0.05401190000702627,
hard_6x6_05.txt,data\tracks\generated\hard_6x6_05.txt,Hard,6x6,5,606238,6,6,36,0.0003099000023212284,generated,,120.0,21,3,0,1,0,21,optimal,True,True,True,0.09584189997985959,
hard_6x6_06.txt,data\tracks\generated\hard_6x6_06.txt,Hard,6x6,6,606239,6,6,36,0.00028639999800361693,generated,,120.0,21,3,0,1,0,21,optimal,True,True,True,0.05223049997584894,
hard_6x6_07.txt,data\tracks\generated\hard_6x6_07.txt,Hard,6x6,7,606240,6,6,36,0.00025260000256821513,generated,,120.0,21,3,0,1,0,21,optimal,True,True,True,0.05246999999508262,
hard_6x6_08.txt,data\tracks\generated\hard_6x6_08.txt,Hard,6x6,8,606241,6,6,36,0.00025179999647662044,generated,,120.0,31,3,0,1,0,31,optimal,True,True,True,0.05966859997715801,
hard_6x6_09.txt,data\tracks\generated\hard_6x6_09.txt,Hard,6x6,9,606242,6,6,36,0.00028989999555051327,generated,,120.0,21,3,0,1,0,21,optimal,True,True,True,0.05121770000550896,
hard_6x6_10.txt,data\tracks\generated\hard_6x6_10.txt,Hard,6x6,10,606243,6,6,36,0.0002497000095900148,generated,,120.0,21,3,0,1,0,21,optimal,True,True,True,0.04920129998936318,
easy_7x7_01.txt,data\tracks\generated\easy_7x7_01.txt,Easy,7x7,1,707214,7,7,49,0.00023210002109408379,generated,,120.0,13,8,0,4,0,13,optimal,True,True,True,0.05493310000747442,
easy_7x7_02.txt,data\tracks\generated\easy_7x7_02.txt,Easy,7x7,2,707215,7,7,49,0.0003039000148419291,generated,,120.0,13,8,0,4,0,13,optimal,True,True,True,0.04756380000617355,
easy_7x7_03.txt,data\tracks\generated\easy_7x7_03.txt,Easy,7x7,3,707216,7,7,49,0.00022829999215900898,generated,,120.0,13,8,0,4,0,13,optimal,True,True,True,0.04905890001100488,
easy_7x7_04.txt,data\tracks\generated\easy_7x7_04.txt,Easy,7x7,4,707217,7,7,49,0.00020599999697878957,generated,,120.0,13,8,0,4,0,13,optimal,True,True,True,0.05008670000825077,
easy_7x7_05.txt,data\tracks\generated\easy_7x7_05.txt,Easy,7x7,5,707218,7,7,49,0.0002724000078160316,generated,,120.0,13,8,0,4,0,13,optimal,True,True,True,0.05583719999413006,
easy_7x7_06.txt,data\tracks\generated\easy_7x7_06.txt,Easy,7x7,6,707219,7,7,49,0.0002843999827746302,generated,,120.0,13,8,0,4,0,13,optimal,True,True,True,0.05718289999640547,
easy_7x7_07.txt,data\tracks\generated\easy_7x7_07.txt,Easy,7x7,7,707220,7,7,49,0.0003721000102814287,generated,,120.0,13,8,0,4,0,13,optimal,True,True,True,0.05643289998988621,
easy_7x7_08.txt,data\tracks\generated\easy_7x7_08.txt,Easy,7x7,8,707221,7,7,49,0.00033060001442208886,generated,,120.0,13,8,0,4,0,13,optimal,True,True,True,0.05261620000237599,
easy_7x7_09.txt,data\tracks\generated\easy_7x7_09.txt,Easy,7x7,9,707222,7,7,49,0.00039049997576512396,generated,,120.0,13,8,0,4,0,13,optimal,True,True,True,0.0623611000191886,
easy_7x7_10.txt,data\tracks\generated\easy_7x7_10.txt,Easy,7x7,10,707223,7,7,49,0.0002182000025641173,generated,,120.0,13,8,0,4,0,13,optimal,True,True,True,0.045493300014641136,
medium_7x7_01.txt,data\tracks\generated\medium_7x7_01.txt,Medium,7x7,1,707224,7,7,49,0.00026870000874623656,generated,,120.0,25,5,0,2,0,25,optimal,True,True,True,0.05890020000515506,
medium_7x7_02.txt,data\tracks\generated\medium_7x7_02.txt,Medium,7x7,2,707225,7,7,49,0.0002961000136565417,generated,,120.0,49,5,0,2,0,49,optimal,True,True,True,0.06709620001493022,
medium_7x7_03.txt,data\tracks\generated\medium_7x7_03.txt,Medium,7x7,3,707226,7,7,49,0.00024709998979233205,generated,,120.0,25,5,0,2,0,25,optimal,True,True,True,0.05361159998574294,
medium_7x7_04.txt,data\tracks\generated\medium_7x7_04.txt,Medium,7x7,4,707227,7,7,49,0.00023999999393709004,generated,,120.0,49,5,0,2,0,49,optimal,True,True,True,0.07188460000907071,
medium_7x7_05.txt,data\tracks\generated\medium_7x7_05.txt,Medium,7x7,5,707228,7,7,49,0.0003434999962337315,generated,,120.0,25,5,0,2,0,25,optimal,True,True,True,0.0564062999910675,
medium_7x7_06.txt,data\tracks\generated\medium_7x7_06.txt,Medium,7x7,6,707229,7,7,49,0.00023219999275170267,generated,,120.0,37,5,0,2,0,37,optimal,True,True,True,0.06435820000478998,
medium_7x7_07.txt,data\tracks\generated\medium_7x7_07.txt,Medium,7x7,7,707230,7,7,49,0.00023239999427460134,generated,,120.0,37,5,0,2,0,37,optimal,True,True,True,0.05891479999991134,
medium_7x7_08.txt,data\tracks\generated\medium_7x7_08.txt,Medium,7x7,8,707231,7,7,49,0.000529799988726154,generated,,120.0,25,5,0,2,0,25,optimal,True,True,True,0.052354799991007894,
medium_7x7_09.txt,data\tracks\generated\medium_7x7_09.txt,Medium,7x7,9,707232,7,7,49,0.00025599999935366213,generated,,120.0,37,5,0,2,0,37,optimal,True,True,True,0.05798799998592585,
medium_7x7_10.txt,data\tracks\generated\medium_7x7_10.txt,Medium,7x7,10,707233,7,7,49,0.000676499999826774,generated,,120.0,49,5,0,2,0,49,optimal,True,True,True,0.07040050000068732,
hard_7x7_01.txt,data\tracks\generated\hard_7x7_01.txt,Hard,7x7,1,707234,7,7,49,0.00024009999469853938,generated,,120.0,37,3,0,1,0,37,optimal,True,True,True,0.05802389999735169,
hard_7x7_02.txt,data\tracks\generated\hard_7x7_02.txt,Hard,7x7,2,707235,7,7,49,0.00024580000899732113,generated,,120.0,49,3,0,1,0,49,optimal,True,True,True,0.06169800000498071,
hard_7x7_03.txt,data\tracks\generated\hard_7x7_03.txt,Hard,7x7,3,707236,7,7,49,0.00021749999723397195,generated,,120.0,25,3,0,1,0,25,optimal,True,True,True,0.0489876999927219,
hard_7x7_04.txt,data\tracks\generated\hard_7x7_04.txt,Hard,7x7,4,707237,7,7,49,0.00042460000258870423,generated,,120.0,25,3,0,1,0,25,optimal,True,True,True,0.053790199977811426,
hard_7x7_05.txt,data\tracks\generated\hard_7x7_05.txt,Hard,7x7,5,707238,7,7,49,0.00020650000078603625,generated,,120.0,25,3,0,1,0,25,optimal,True,True,True,0.0463105000089854,
hard_7x7_06.txt,data\tracks\generated\hard_7x7_06.txt,Hard,7x7,6,707239,7,7,49,0.00022499999613501132,generated,,120.0,37,3,0,1,0,37,optimal,True,True,True,0.060515599994687364,
hard_7x7_07.txt,data\tracks\generated\hard_7x7_07.txt,Hard,7x7,7,707240,7,7,49,0.0002494000073056668,generated,,120.0,49,3,0,1,0,49,optimal,True,True,True,0.0654719999874942,
hard_7x7_08.txt,data\tracks\generated\hard_7x7_08.txt,Hard,7x7,8,707241,7,7,49,0.0002631999959703535,generated,,120.0,37,3,0,1,0,37,optimal,True,True,True,0.0647066000092309,
hard_7x7_09.txt,data\tracks\generated\hard_7x7_09.txt,Hard,7x7,9,707242,7,7,49,0.0002471999905537814,generated,,120.0,25,3,0,1,0,25,optimal,True,True,True,0.056017099996097386,
hard_7x7_10.txt,data\tracks\generated\hard_7x7_10.txt,Hard,7x7,10,707243,7,7,49,0.00026050000451505184,generated,,120.0,25,3,0,1,0,25,optimal,True,True,True,0.05200840000179596,
easy_8x8_01.txt,data\tracks\generated\easy_8x8_01.txt,Easy,8x8,1,808214,8,8,64,0.0002849999873433262,generated,,120.0,15,10,0,6,0,15,optimal,True,True,True,0.07119580000289716,
easy_8x8_02.txt,data\tracks\generated\easy_8x8_02.txt,Easy,8x8,2,808215,8,8,64,0.0003593999717850238,generated,,120.0,15,10,0,6,0,15,optimal,True,True,True,0.06555699999444187,
easy_8x8_03.txt,data\tracks\generated\easy_8x8_03.txt,Easy,8x8,3,808216,8,8,64,0.00029150000773370266,generated,,120.0,15,10,0,6,0,15,optimal,True,True,True,0.06495209998684004,
easy_8x8_04.txt,data\tracks\generated\easy_8x8_04.txt,Easy,8x8,4,808217,8,8,64,0.000301199994282797,generated,,120.0,15,10,0,6,0,15,optimal,True,True,True,0.06800430000294,
easy_8x8_05.txt,data\tracks\generated\easy_8x8_05.txt,Easy,8x8,5,808218,8,8,64,0.00027550000231713057,generated,,120.0,15,10,0,6,0,15,optimal,True,True,True,0.06045660001109354,
easy_8x8_06.txt,data\tracks\generated\easy_8x8_06.txt,Easy,8x8,6,808219,8,8,64,0.00024720001965761185,generated,,120.0,15,10,0,6,0,15,optimal,True,True,True,0.05817819997901097,
easy_8x8_07.txt,data\tracks\generated\easy_8x8_07.txt,Easy,8x8,7,808220,8,8,64,0.00029460000223480165,generated,,120.0,15,10,0,6,0,15,optimal,True,True,True,0.08005290001165122,
easy_8x8_08.txt,data\tracks\generated\easy_8x8_08.txt,Easy,8x8,8,808221,8,8,64,0.00023289999808184803,generated,,120.0,15,10,0,6,0,15,optimal,True,True,True,0.05842670000856742,
easy_8x8_09.txt,data\tracks\generated\easy_8x8_09.txt,Easy,8x8,9,808222,8,8,64,0.0002935000229626894,generated,,120.0,15,10,0,6,0,15,optimal,True,True,True,0.05558580000069924,
easy_8x8_10.txt,data\tracks\generated\easy_8x8_10.txt,Easy,8x8,10,808223,8,8,64,0.00023090001195669174,generated,,120.0,15,10,0,6,0,15,optimal,True,True,True,0.05608010001014918,
medium_8x8_01.txt,data\tracks\generated\medium_8x8_01.txt,Medium,8x8,1,808224,8,8,64,0.00027570000384002924,generated,,120.0,29,6,0,3,0,29,optimal,True,True,True,0.06392650000634603,
medium_8x8_02.txt,data\tracks\generated\medium_8x8_02.txt,Medium,8x8,2,808225,8,8,64,0.0002440999960526824,generated,,120.0,43,6,0,3,0,43,optimal,True,True,True,0.06506299998727627,
medium_8x8_03.txt,data\tracks\generated\medium_8x8_03.txt,Medium,8x8,3,808226,8,8,64,0.0002685000072233379,generated,,120.0,57,6,0,3,0,57,optimal,True,True,True,0.08048040000721812,
medium_8x8_04.txt,data\tracks\generated\medium_8x8_04.txt,Medium,8x8,4,808227,8,8,64,0.00023020000662654638,generated,,120.0,29,6,0,3,0,29,optimal,True,True,True,0.06412989998352714,
medium_8x8_05.txt,data\tracks\generated\medium_8x8_05.txt,Medium,8x8,5,808228,8,8,64,0.0003145999799016863,generated,,120.0,57,6,0,3,0,57,optimal,True,True,True,0.07675500001641922,
medium_8x8_06.txt,data\tracks\generated\medium_8x8_06.txt,Medium,8x8,6,808229,8,8,64,0.00023889998556114733,generated,,120.0,43,6,0,3,0,43,optimal,True,True,True,0.06872919999295846,
medium_8x8_07.txt,data\tracks\generated\medium_8x8_07.txt,Medium,8x8,7,808230,8,8,64,0.00027129999944008887,generated,,120.0,43,6,0,3,0,43,optimal,True,True,True,0.0651308000087738,
medium_8x8_08.txt,data\tracks\generated\medium_8x8_08.txt,Medium,8x8,8,808231,8,8,64,0.0002300000051036477,generated,,120.0,43,6,0,3,0,43,optimal,True,True,True,0.06954959998256527,
medium_8x8_09.txt,data\tracks\generated\medium_8x8_09.txt,Medium,8x8,9,808232,8,8,64,0.0002725999802350998,generated,,120.0,43,6,0,3,0,43,optimal,True,True,True,0.0657305000058841,
medium_8x8_10.txt,data\tracks\generated\medium_8x8_10.txt,Medium,8x8,10,808233,8,8,64,0.00024999998277053237,generated,,120.0,29,6,0,3,0,29,optimal,True,True,True,0.06176199999754317,
hard_8x8_01.txt,data\tracks\generated\hard_8x8_01.txt,Hard,8x8,1,808234,8,8,64,0.0002924000145867467,generated,,120.0,43,4,0,1,0,43,optimal,True,True,True,0.0671437999990303,
hard_8x8_02.txt,data\tracks\generated\hard_8x8_02.txt,Hard,8x8,2,808235,8,8,64,0.00023820000933483243,generated,,120.0,43,4,0,1,0,43,optimal,True,True,True,0.07689970001229085,
hard_8x8_03.txt,data\tracks\generated\hard_8x8_03.txt,Hard,8x8,3,808236,8,8,64,0.00026240001898258924,generated,,120.0,57,4,0,1,0,57,optimal,True,True,True,0.07416349998675287,
hard_8x8_04.txt,data\tracks\generated\hard_8x8_04.txt,Hard,8x8,4,808237,8,8,64,0.00022319998242892325,generated,,120.0,43,4,0,1,0,43,optimal,True,True,True,0.0680078000004869,
hard_8x8_05.txt,data\tracks\generated\hard_8x8_05.txt,Hard,8x8,5,808238,8,8,64,0.0002521999995224178,generated,,120.0,43,4,0,1,0,43,optimal,True,True,True,0.06912300002295524,
hard_8x8_06.txt,data\tracks\generated\hard_8x8_06.txt,Hard,8x8,6,808239,8,8,64,0.0002829000004567206,generated,,120.0,43,4,0,1,0,43,optimal,True,True,True,0.08013289998052642,
hard_8x8_07.txt,data\tracks\generated\hard_8x8_07.txt,Hard,8x8,7,808240,8,8,64,0.0005056000081822276,generated,,120.0,43,4,0,1,0,43,optimal,True,True,True,0.06590329998289235,
hard_8x8_08.txt,data\tracks\generated\hard_8x8_08.txt,Hard,8x8,8,808241,8,8,64,0.0002806000120472163,generated,,120.0,57,4,0,1,0,57,optimal,True,True,True,0.07256040000356734,
hard_8x8_09.txt,data\tracks\generated\hard_8x8_09.txt,Hard,8x8,9,808242,8,8,64,0.0002606000052765012,generated,,120.0,57,4,0,1,0,57,optimal,True,True,True,0.07695779998903163,
hard_8x8_10.txt,data\tracks\generated\hard_8x8_10.txt,Hard,8x8,10,808243,8,8,64,0.0002938000252470374,generated,,120.0,57,4,0,1,0,57,optimal,True,True,True,0.07668920001015067,
easy_9x9_01.txt,data\tracks\generated\easy_9x9_01.txt,Easy,9x9,1,909214,9,9,81,0.0002389000146649778,generated,,120.0,17,12,0,8,0,17,optimal,True,True,True,0.07175880001159385,
easy_9x9_02.txt,data\tracks\generated\easy_9x9_02.txt,Easy,9x9,2,909215,9,9,81,0.00028799998108297586,generated,,120.0,17,12,0,8,0,17,optimal,True,True,True,0.05867350002517924,
easy_9x9_03.txt,data\tracks\generated\easy_9x9_03.txt,Easy,9x9,3,909216,9,9,81,0.00025419998564757407,generated,,120.0,17,12,0,8,0,17,optimal,True,True,True,0.08787489999667741,
easy_9x9_04.txt,data\tracks\generated\easy_9x9_04.txt,Easy,9x9,4,909217,9,9,81,0.0002809999859891832,generated,,120.0,17,12,0,8,0,17,optimal,True,True,True,0.08669450000161305,
easy_9x9_05.txt,data\tracks\generated\easy_9x9_05.txt,Easy,9x9,5,909218,9,9,81,0.00028310000197961926,generated,,120.0,17,12,0,8,0,17,optimal,True,True,True,0.06279570001061074,
easy_9x9_06.txt,data\tracks\generated\easy_9x9_06.txt,Easy,9x9,6,909219,9,9,81,0.00023439998039975762,generated,,120.0,17,12,0,8,0,17,optimal,True,True,True,0.058812799979932606,
easy_9x9_07.txt,data\tracks\generated\easy_9x9_07.txt,Easy,9x9,7,909220,9,9,81,0.00026440000510774553,generated,,120.0,17,12,0,8,0,17,optimal,True,True,True,0.06240240001352504,
easy_9x9_08.txt,data\tracks\generated\easy_9x9_08.txt,Easy,9x9,8,909221,9,9,81,0.00023800000781193376,generated,,120.0,17,12,0,8,0,17,optimal,True,True,True,0.06382080001640134,
easy_9x9_09.txt,data\tracks\generated\easy_9x9_09.txt,Easy,9x9,9,909222,9,9,81,0.00027630000840872526,generated,,120.0,17,12,0,8,0,17,optimal,True,True,True,0.05878359999042004,
easy_9x9_10.txt,data\tracks\generated\easy_9x9_10.txt,Easy,9x9,10,909223,9,9,81,0.00024160000612027943,generated,,120.0,17,12,0,8,0,17,optimal,True,True,True,0.06537339999340475,
medium_9x9_01.txt,data\tracks\generated\medium_9x9_01.txt,Medium,9x9,1,909224,9,9,81,0.00026369999977760017,generated,,120.0,81,7,0,4,0,81,optimal,True,True,True,0.1015095999755431,
medium_9x9_02.txt,data\tracks\generated\medium_9x9_02.txt,Medium,9x9,2,909225,9,9,81,0.0002480999974068254,generated,,120.0,33,7,0,4,0,33,optimal,True,True,True,0.07035679998807609,
medium_9x9_03.txt,data\tracks\generated\medium_9x9_03.txt,Medium,9x9,3,909226,9,9,81,0.00035849999403581023,generated,,120.0,33,7,0,4,0,33,optimal,True,True,True,0.07469929999206215,
medium_9x9_04.txt,data\tracks\generated\medium_9x9_04.txt,Medium,9x9,4,909227,9,9,81,0.00035730001400224864,generated,,120.0,81,7,0,4,0,81,optimal,True,True,True,0.1082188000145834,
medium_9x9_05.txt,data\tracks\generated\medium_9x9_05.txt,Medium,9x9,5,909228,9,9,81,0.0002792000013869256,generated,,120.0,33,7,0,4,0,33,optimal,True,True,True,0.06047900000703521,
medium_9x9_06.txt,data\tracks\generated\medium_9x9_06.txt,Medium,9x9,6,909229,9,9,81,0.0002562000008765608,generated,,120.0,49,7,0,4,0,49,optimal,True,True,True,0.07035840000025928,
medium_9x9_07.txt,data\tracks\generated\medium_9x9_07.txt,Medium,9x9,7,909230,9,9,81,0.00027050002245232463,generated,,120.0,49,7,0,4,0,49,optimal,True,True,True,0.07386559998849407,
medium_9x9_08.txt,data\tracks\generated\medium_9x9_08.txt,Medium,9x9,8,909231,9,9,81,0.00026440000510774553,generated,,120.0,49,7,0,4,0,49,optimal,True,True,True,0.09548519999952987,
medium_9x9_09.txt,data\tracks\generated\medium_9x9_09.txt,Medium,9x9,9,909232,9,9,81,0.0003144000074826181,generated,,120.0,65,7,0,4,0,65,optimal,True,True,True,0.07817300001624972,
medium_9x9_10.txt,data\tracks\generated\medium_9x9_10.txt,Medium,9x9,10,909233,9,9,81,0.000444200006313622,generated,,120.0,81,7,0,4,0,81,optimal,True,True,True,0.10293540000566281,
hard_9x9_01.txt,data\tracks\generated\hard_9x9_01.txt,Hard,9x9,1,909234,9,9,81,0.0002815999905578792,generated,,120.0,65,4,0,2,0,65,optimal,True,True,True,0.08662190000177361,
hard_9x9_02.txt,data\tracks\generated\hard_9x9_02.txt,Hard,9x9,2,909235,9,9,81,0.0002843000111170113,generated,,120.0,65,4,0,2,0,65,optimal,True,True,True,0.08538570001837797,
hard_9x9_03.txt,data\tracks\generated\hard_9x9_03.txt,Hard,9x9,3,909236,9,9,81,0.00023549998877570033,generated,,120.0,49,4,0,2,0,49,optimal,True,True,True,0.06895469999290071,
hard_9x9_04.txt,data\tracks\generated\hard_9x9_04.txt,Hard,9x9,4,909237,9,9,81,0.00034249998861923814,generated,,120.0,81,4,0,2,0,81,optimal,True,True,True,0.09671979999984615,
hard_9x9_05.txt,data\tracks\generated\hard_9x9_05.txt,Hard,9x9,5,909238,9,9,81,0.0003418999840505421,generated,,120.0,49,4,0,2,0,49,optimal,True,True,True,0.06936999998288229,
hard_9x9_06.txt,data\tracks\generated\hard_9x9_06.txt,Hard,9x9,6,909239,9,9,81,0.00025159999495372176,generated,,120.0,65,4,0,2,0,65,optimal,True,True,True,0.09138730002450757,
hard_9x9_07.txt,data\tracks\generated\hard_9x9_07.txt,Hard,9x9,7,909240,9,9,81,0.00029869997524656355,generated,,120.0,81,4,0,2,0,81,optimal,True,True,True,0.10874779999721795,
hard_9x9_08.txt,data\tracks\generated\hard_9x9_08.txt,Hard,9x9,8,909241,9,9,81,0.00025260000256821513,generated,,120.0,49,4,0,2,0,49,optimal,True,True,True,0.07914690001052804,
hard_9x9_09.txt,data\tracks\generated\hard_9x9_09.txt,Hard,9x9,9,909242,9,9,81,0.00030369998421519995,generated,,120.0,65,4,0,2,0,65,optimal,True,True,True,0.08247369999298826,
hard_9x9_10.txt,data\tracks\generated\hard_9x9_10.txt,Hard,9x9,10,909243,9,9,81,0.0002804999821819365,generated,,120.0,65,4,0,2,0,65,optimal,True,True,True,0.08571509999455884,
easy_10x10_01.txt,data\tracks\generated\easy_10x10_01.txt,Easy,10x10,1,1010214,10,10,100,0.0002601000014692545,generated,,120.0,19,14,0,10,0,19,optimal,True,True,True,0.06488369998987764,
easy_10x10_02.txt,data\tracks\generated\easy_10x10_02.txt,Easy,10x10,2,1010215,10,10,100,0.00029280001763254404,generated,,120.0,19,14,0,10,0,19,optimal,True,True,True,0.0712459999776911,
easy_10x10_03.txt,data\tracks\generated\easy_10x10_03.txt,Easy,10x10,3,1010216,10,10,100,0.0002801999798975885,generated,,120.0,19,14,0,10,0,19,optimal,True,True,True,0.06200689999968745,
easy_10x10_04.txt,data\tracks\generated\easy_10x10_04.txt,Easy,10x10,4,1010217,10,10,100,0.0003026999766007066,generated,,120.0,19,14,0,10,0,19,optimal,True,True,True,0.07406929999706335,
easy_10x10_05.txt,data\tracks\generated\easy_10x10_05.txt,Easy,10x10,5,1010218,10,10,100,0.0002609000075608492,generated,,120.0,19,14,0,10,0,19,optimal,True,True,True,0.06908149999799207,
easy_10x10_06.txt,data\tracks\generated\easy_10x10_06.txt,Easy,10x10,6,1010219,10,10,100,0.0005447999865282327,generated,,120.0,19,14,0,10,0,19,optimal,True,True,True,0.0638491999998223,
easy_10x10_07.txt,data\tracks\generated\easy_10x10_07.txt,Easy,10x10,7,1010220,10,10,100,0.0003279999946244061,generated,,120.0,19,14,0,10,0,19,optimal,True,True,True,0.07274279999546707,
easy_10x10_08.txt,data\tracks\generated\easy_10x10_08.txt,Easy,10x10,8,1010221,10,10,100,0.0002445999998599291,generated,,120.0,19,14,0,10,0,19,optimal,True,True,True,0.07285729999421164,
easy_10x10_09.txt,data\tracks\generated\easy_10x10_09.txt,Easy,10x10,9,1010222,10,10,100,0.0003145999799016863,generated,,120.0,19,14,0,10,0,19,optimal,True,True,True,0.06039900000905618,
easy_10x10_10.txt,data\tracks\generated\easy_10x10_10.txt,Easy,10x10,10,1010223,10,10,100,0.0002747000253293663,generated,,120.0,19,14,0,10,0,19,optimal,True,True,True,0.06361819998710416,
medium_10x10_01.txt,data\tracks\generated\medium_10x10_01.txt,Medium,10x10,1,1010224,10,10,100,0.00036899998667649925,generated,,120.0,91,8,0,5,0,91,optimal,True,True,True,0.1238123000075575,
medium_10x10_02.txt,data\tracks\generated\medium_10x10_02.txt,Medium,10x10,2,1010225,10,10,100,0.0003353999927639961,generated,,120.0,73,8,0,5,0,73,optimal,True,True,True,0.10537199999089353,
medium_10x10_03.txt,data\tracks\generated\medium_10x10_03.txt,Medium,10x10,3,1010226,10,10,100,0.00028700000257231295,generated,,120.0,73,8,0,5,0,73,optimal,True,True,True,0.10658640001202002,
medium_10x10_04.txt,data\tracks\generated\medium_10x10_04.txt,Medium,10x10,4,1010227,10,10,100,0.00022379998699761927,generated,,120.0,37,8,0,5,0,37,optimal,True,True,True,0.08034310000948608,
medium_10x10_05.txt,data\tracks\generated\medium_10x10_05.txt,Medium,10x10,5,1010228,10,10,100,0.00025660000392235816,generated,,120.0,37,8,0,5,0,37,optimal,True,True,True,0.09124319997499697,
medium_10x10_06.txt,data\tracks\generated\medium_10x10_06.txt,Medium,10x10,6,1010229,10,10,100,0.0003573999856598675,generated,,120.0,91,8,0,5,0,91,optimal,True,True,True,0.12297240001498722,
medium_10x10_07.txt,data\tracks\generated\medium_10x10_07.txt,Medium,10x10,7,1010230,10,10,100,0.00030839999089948833,generated,,120.0,37,8,0,5,0,37,optimal,True,True,True,0.07654370000818744,
medium_10x10_08.txt,data\tracks\generated\medium_10x10_08.txt,Medium,10x10,8,1010231,10,10,100,0.0004917000187560916,generated,,120.0,55,8,0,5,0,55,optimal,True,True,True,0.07737889999407344,
medium_10x10_09.txt,data\tracks\generated\medium_10x10_09.txt,Medium,10x10,9,1010232,10,10,100,0.0003206999972462654,generated,,120.0,91,8,0,5,0,91,optimal,True,True,True,0.11861330000101589,
medium_10x10_10.txt,data\tracks\generated\medium_10x10_10.txt,Medium,10x10,10,1010233,10,10,100,0.00027760001830756664,generated,,120.0,37,8,0,5,0,37,optimal,True,True,True,0.08044690001406707,
hard_10x10_01.txt,data\tracks\generated\hard_10x10_01.txt,Hard,10x10,1,1010234,10,10,100,0.0004380999889690429,generated,,120.0,55,5,0,2,0,55,optimal,True,True,True,0.07925010001054034,
hard_10x10_02.txt,data\tracks\generated\hard_10x10_02.txt,Hard,10x10,2,1010235,10,10,100,0.00029869997524656355,generated,,120.0,73,5,0,2,0,73,optimal,True,True,True,0.10208960002637468,
hard_10x10_03.txt,data\tracks\generated\hard_10x10_03.txt,Hard,10x10,3,1010236,10,10,100,0.0003155999875161797,generated,,120.0,55,5,0,2,0,55,optimal,True,True,True,0.09025160002056509,
hard_10x10_04.txt,data\tracks\generated\hard_10x10_04.txt,Hard,10x10,4,1010237,10,10,100,0.0003186000103596598,generated,,120.0,91,5,0,2,0,91,optimal,True,True,True,0.10982849998981692,
hard_10x10_05.txt,data\tracks\generated\hard_10x10_05.txt,Hard,10x10,5,1010238,10,10,100,0.0005126000032760203,generated,,120.0,91,5,0,2,0,91,optimal,True,True,True,0.11179409999749623,
hard_10x10_06.txt,data\tracks\generated\hard_10x10_06.txt,Hard,10x10,6,1010239,10,10,100,0.00026890001026913524,generated,,120.0,73,5,0,2,0,73,optimal,True,True,True,0.09804219999932684,
hard_10x10_07.txt,data\tracks\generated\hard_10x10_07.txt,Hard,10x10,7,1010240,10,10,100,0.00030169999809004366,generated,,120.0,55,5,0,2,0,55,optimal,True,True,True,0.07860849998542108,
hard_10x10_08.txt,data\tracks\generated\hard_10x10_08.txt,Hard,10x10,8,1010241,10,10,100,0.0002508999896235764,generated,,120.0,55,5,0,2,0,55,optimal,True,True,True,0.08573570000589825,
hard_10x10_09.txt,data\tracks\generated\hard_10x10_09.txt,Hard,10x10,9,1010242,10,10,100,0.0002749999985098839,generated,,120.0,55,5,0,2,0,55,optimal,True,True,True,0.08190389999072067,
hard_10x10_10.txt,data\tracks\generated\hard_10x10_10.txt,Hard,10x10,10,1010243,10,10,100,0.0002705999941099435,generated,,120.0,91,5,0,2,0,91,optimal,True,True,True,0.11235899999155663,
easy_11x11_01.txt,data\tracks\generated\easy_11x11_01.txt,Easy,11x11,1,1111214,11,11,121,0.0002445999998599291,generated,,120.0,21,17,0,12,0,21,optimal,True,True,True,0.07715070000267588,
easy_11x11_02.txt,data\tracks\generated\easy_11x11_02.txt,Easy,11x11,2,1111215,11,11,121,0.0002734999870881438,generated,,120.0,21,17,0,12,0,21,optimal,True,True,True,0.07578830001875758,
easy_11x11_03.txt,data\tracks\generated\easy_11x11_03.txt,Easy,11x11,3,1111216,11,11,121,0.0003426999901421368,generated,,120.0,21,17,0,12,0,21,optimal,True,True,True,0.07725099998060614,
easy_11x11_04.txt,data\tracks\generated\easy_11x11_04.txt,Easy,11x11,4,1111217,11,11,121,0.00024859997211024165,generated,,120.0,21,17,0,12,0,21,optimal,True,True,True,0.07543530000839382,
easy_11x11_05.txt,data\tracks\generated\easy_11x11_05.txt,Easy,11x11,5,1111218,11,11,121,0.0003622999938670546,generated,,120.0,21,17,0,12,0,21,optimal,True,True,True,0.07359720001113601,
easy_11x11_06.txt,data\tracks\generated\easy_11x11_06.txt,Easy,11x11,6,1111219,11,11,121,0.00023830001009628177,generated,,120.0,21,17,0,12,0,21,optimal,True,True,True,0.0718912000011187,
easy_11x11_07.txt,data\tracks\generated\easy_11x11_07.txt,Easy,11x11,7,1111220,11,11,121,0.00027940000290982425,generated,,120.0,21,17,0,12,0,21,optimal,True,True,True,0.07559580000815913,
easy_11x11_08.txt,data\tracks\generated\easy_11x11_08.txt,Easy,11x11,8,1111221,11,11,121,0.0003066000062972307,generated,,120.0,21,17,0,12,0,21,optimal,True,True,True,0.07576590002281591,
easy_11x11_09.txt,data\tracks\generated\easy_11x11_09.txt,Easy,11x11,9,1111222,11,11,121,0.0003043000178877264,generated,,120.0,21,17,0,12,0,21,optimal,True,True,True,0.07945929997367784,
easy_11x11_10.txt,data\tracks\generated\easy_11x11_10.txt,Easy,11x11,10,1111223,11,11,121,0.00036810000892728567,generated,,120.0,21,17,0,12,0,21,optimal,True,True,True,0.07756210002116859,
medium_11x11_01.txt,data\tracks\generated\medium_11x11_01.txt,Medium,11x11,1,1111224,11,11,121,0.00028249999741092324,generated,,120.0,101,9,0,6,0,101,optimal,True,True,True,0.1320611999835819,
medium_11x11_02.txt,data\tracks\generated\medium_11x11_02.txt,Medium,11x11,2,1111225,11,11,121,0.00032759999157860875,generated,,120.0,81,9,0,6,0,81,optimal,True,True,True,0.10764590001781471,
medium_11x11_03.txt,data\tracks\generated\medium_11x11_03.txt,Medium,11x11,3,1111226,11,11,121,0.0003601000062189996,generated,,120.0,101,9,0,6,0,101,optimal,True,True,True,0.1329154999984894,
medium_11x11_04.txt,data\tracks\generated\medium_11x11_04.txt,Medium,11x11,4,1111227,11,11,121,0.0005443999834824353,generated,,120.0,81,9,0,6,0,81,optimal,True,True,True,0.10129379999125376,
medium_11x11_05.txt,data\tracks\generated\medium_11x11_05.txt,Medium,11x11,5,1111228,11,11,121,0.00034749999758787453,generated,,120.0,61,9,0,6,0,61,optimal,True,True,True,0.09141180000733584,
medium_11x11_06.txt,data\tracks\generated\medium_11x11_06.txt,Medium,11x11,6,1111229,11,11,121,0.00024280001525767148,generated,,120.0,41,9,0,6,0,41,optimal,True,True,True,0.07239289997960441,
medium_11x11_07.txt,data\tracks\generated\medium_11x11_07.txt,Medium,11x11,7,1111230,11,11,121,0.00033569999504834414,generated,,120.0,121,9,0,6,0,121,optimal,True,True,True,0.1534520999994129,
medium_11x11_08.txt,data\tracks\generated\medium_11x11_08.txt,Medium,11x11,8,1111231,11,11,121,0.00028940002084709704,generated,,120.0,81,9,0,6,0,81,optimal,True,True,True,0.11246760000358336,
medium_11x11_09.txt,data\tracks\generated\medium_11x11_09.txt,Medium,11x11,9,1111232,11,11,121,0.0003024999750778079,generated,,120.0,81,9,0,6,0,81,optimal,True,True,True,0.11532379998243414,
medium_11x11_10.txt,data\tracks\generated\medium_11x11_10.txt,Medium,11x11,10,1111233,11,11,121,0.0003026000049430877,generated,,120.0,61,9,0,6,0,61,optimal,True,True,True,0.09270380000816658,
hard_11x11_01.txt,data\tracks\generated\hard_11x11_01.txt,Hard,11x11,1,1111234,11,11,121,0.00032599997939541936,generated,,120.0,121,5,0,3,0,121,optimal,True,True,True,0.15646150000975467,
hard_11x11_02.txt,data\tracks\generated\hard_11x11_02.txt,Hard,11x11,2,1111235,11,11,121,0.0003352999920025468,generated,,120.0,121,5,0,3,0,121,optimal,True,True,True,0.1554109000135213,
hard_11x11_03.txt,data\tracks\generated\hard_11x11_03.txt,Hard,11x11,3,1111236,11,11,121,0.0003200000210199505,generated,,120.0,101,5,0,3,0,101,optimal,True,True,True,0.14977859999635257,
hard_11x11_04.txt,data\tracks\generated\hard_11x11_04.txt,Hard,11x11,4,1111237,11,11,121,0.00030189999961294234,generated,,120.0,101,5,0,3,0,101,optimal,True,True,True,0.12693100000615232,
hard_11x11_05.txt,data\tracks\generated\hard_11x11_05.txt,Hard,11x11,5,1111238,11,11,121,0.00028670000028796494,generated,,120.0,121,5,0,3,0,121,optimal,True,True,True,0.1432390999980271,
hard_11x11_06.txt,data\tracks\generated\hard_11x11_06.txt,Hard,11x11,6,1111239,11,11,121,0.00031510001281276345,generated,,120.0,101,5,0,3,0,101,optimal,True,True,True,0.13138740000431426,
hard_11x11_07.txt,data\tracks\generated\hard_11x11_07.txt,Hard,11x11,7,1111240,11,11,121,0.0003769999893847853,generated,,120.0,101,5,0,3,0,101,optimal,True,True,True,0.14403640001546592,
hard_11x11_08.txt,data\tracks\generated\hard_11x11_08.txt,Hard,11x11,8,1111241,11,11,121,0.00035119999665766954,generated,,120.0,81,5,0,3,0,81,optimal,True,True,True,0.1115284999832511,
hard_11x11_09.txt,data\tracks\generated\hard_11x11_09.txt,Hard,11x11,9,1111242,11,11,121,0.00039110000943765044,generated,,120.0,121,5,0,3,0,121,optimal,True,True,True,0.1451441000099294,
hard_11x11_10.txt,data\tracks\generated\hard_11x11_10.txt,Hard,11x11,10,1111243,11,11,121,0.00026709999656304717,generated,,120.0,101,5,0,3,0,101,optimal,True,True,True,0.13367129999096505,
easy_12x12_01.txt,data\tracks\generated\easy_12x12_01.txt,Easy,12x12,1,1212214,12,12,144,0.0002686000079847872,generated,,120.0,23,20,0,14,0,23,optimal,True,True,True,0.081551400013268,
easy_12x12_02.txt,data\tracks\generated\easy_12x12_02.txt,Easy,12x12,2,1212215,12,12,144,0.00029399999766610563,generated,,120.0,23,20,0,14,0,23,optimal,True,True,True,0.0874852999986615,
easy_12x12_03.txt,data\tracks\generated\easy_12x12_03.txt,Easy,12x12,3,1212216,12,12,144,0.00029230001382529736,generated,,120.0,23,20,0,14,0,23,optimal,True,True,True,0.09640089998720214,
easy_12x12_04.txt,data\tracks\generated\easy_12x12_04.txt,Easy,12x12,4,1212217,12,12,144,0.0002541000139899552,generated,,120.0,23,20,0,14,0,23,optimal,True,True,True,0.09034250001423061,
easy_12x12_05.txt,data\tracks\generated\easy_12x12_05.txt,Easy,12x12,5,1212218,12,12,144,0.0002792000013869256,generated,,120.0,23,20,0,14,0,23,optimal,True,True,True,0.0821427000046242,
easy_12x12_06.txt,data\tracks\generated\easy_12x12_06.txt,Easy,12x12,6,1212219,12,12,144,0.00026699999580159783,generated,,120.0,23,20,0,14,0,23,optimal,True,True,True,0.08535860001575202,
easy_12x12_07.txt,data\tracks\generated\easy_12x12_07.txt,Easy,12x12,7,1212220,12,12,144,0.00028539999038912356,generated,,120.0,23,20,0,14,0,23,optimal,True,True,True,0.08200270001543686,
easy_12x12_08.txt,data\tracks\generated\easy_12x12_08.txt,Easy,12x12,8,1212221,12,12,144,0.0003105999785475433,generated,,120.0,23,20,0,14,0,23,optimal,True,True,True,0.0889440999890212,
easy_12x12_09.txt,data\tracks\generated\easy_12x12_09.txt,Easy,12x12,9,1212222,12,12,144,0.0002628999936860055,generated,,120.0,23,20,0,14,0,23,optimal,True,True,True,0.08434840000700206,
easy_12x12_10.txt,data\tracks\generated\easy_12x12_10.txt,Easy,12x12,10,1212223,12,12,144,0.00030869999318383634,generated,,120.0,23,20,0,14,0,23,optimal,True,True,True,0.07279669999843463,
medium_12x12_01.txt,data\tracks\generated\medium_12x12_01.txt,Medium,12x12,1,1212224,12,12,144,0.0004889999981969595,generated,,120.0,111,11,0,8,0,111,optimal,True,True,True,0.1638909000030253,
medium_12x12_02.txt,data\tracks\generated\medium_12x12_02.txt,Medium,12x12,2,1212225,12,12,144,0.0004374999844003469,generated,,120.0,111,11,0,8,0,111,optimal,True,True,True,0.16065309999976307,
medium_12x12_03.txt,data\tracks\generated\medium_12x12_03.txt,Medium,12x12,3,1212226,12,12,144,0.0003409000055398792,generated,,120.0,67,11,0,8,0,67,optimal,True,True,True,0.10381560001405887,
medium_12x12_04.txt,data\tracks\generated\medium_12x12_04.txt,Medium,12x12,4,1212227,12,12,144,0.00038320000749081373,generated,,120.0,67,11,0,8,0,67,optimal,True,True,True,0.12015790000441484,
medium_12x12_05.txt,data\tracks\generated\medium_12x12_05.txt,Medium,12x12,5,1212228,12,12,144,0.00033099998836405575,generated,,120.0,67,11,0,8,0,67,optimal,True,True,True,0.10548380002728663,
medium_12x12_06.txt,data\tracks\generated\medium_12x12_06.txt,Medium,12x12,6,1212229,12,12,144,0.00036880001425743103,generated,,120.0,89,11,0,8,0,89,optimal,True,True,True,0.1395057999761775,
medium_12x12_07.txt,data\tracks\generated\medium_12x12_07.txt,Medium,12x12,7,1212230,12,12,144,0.0003932999970857054,generated,,120.0,133,11,0,8,0,133,optimal,True,True,True,0.16731619997881353,
medium_12x12_08.txt,data\tracks\generated\medium_12x12_08.txt,Medium,12x12,8,1212231,12,12,144,0.0003457999846432358,generated,,120.0,111,11,0,8,0,111,optimal,True,True,True,0.14878689998295158,
medium_12x12_09.txt,data\tracks\generated\medium_12x12_09.txt,Medium,12x12,9,1212232,12,12,144,0.0003895999980159104,generated,,120.0,133,11,0,8,0,133,optimal,True,True,True,0.17211580000002868,
medium_12x12_10.txt,data\tracks\generated\medium_12x12_10.txt,Medium,12x12,10,1212233,12,12,144,0.00040869999793358147,generated,,120.0,133,11,0,8,0,133,optimal,True,True,True,0.17994109998107888,
hard_12x12_01.txt,data\tracks\generated\hard_12x12_01.txt,Hard,12x12,1,1212234,12,12,144,0.00029790002736262977,generated,,120.0,89,6,0,3,0,89,optimal,True,True,True,0.14559939998434857,
hard_12x12_02.txt,data\tracks\generated\hard_12x12_02.txt,Hard,12x12,2,1212235,12,12,144,0.0003634000022429973,generated,,120.0,111,6,0,3,0,111,optimal,True,True,True,0.1830093000025954,
hard_12x12_03.txt,data\tracks\generated\hard_12x12_03.txt,Hard,12x12,3,1212236,12,12,144,0.0003575000155251473,generated,,120.0,133,6,0,3,0,133,optimal,True,True,True,0.2056868000072427,
hard_12x12_04.txt,data\tracks\generated\hard_12x12_04.txt,Hard,12x12,4,1212237,12,12,144,0.0003265000123064965,generated,,120.0,111,6,0,3,0,111,optimal,True,True,True,0.1662699999869801,
hard_12x12_05.txt,data\tracks\generated\hard_12x12_05.txt,Hard,12x12,5,1212238,12,12,144,0.00034959998447448015,generated,,120.0,111,6,0,3,0,111,optimal,True,True,True,0.19320159999188036,
hard_12x12_06.txt,data\tracks\generated\hard_12x12_06.txt,Hard,12x12,6,1212239,12,12,144,0.0002792000013869256,generated,,120.0,89,6,0,3,0,89,optimal,True,True,True,0.15245650001452304,
hard_12x12_07.txt,data\tracks\generated\hard_12x12_07.txt,Hard,12x12,7,1212240,12,12,144,0.00038789998507127166,generated,,120.0,89,6,0,3,0,89,optimal,True,True,True,0.15107359999092296,
hard_12x12_08.txt,data\tracks\generated\hard_12x12_08.txt,Hard,12x12,8,1212241,12,12,144,0.00036120001459494233,generated,,120.0,133,6,0,3,0,133,optimal,True,True,True,0.2108382000005804,
hard_12x12_09.txt,data\tracks\generated\hard_12x12_09.txt,Hard,12x12,9,1212242,12,12,144,0.0003318999952170998,generated,,120.0,133,6,0,3,0,133,optimal,True,True,True,0.20446469998569228,
hard_12x12_10.txt,data\tracks\generated\hard_12x12_10.txt,Hard,12x12,10,1212243,12,12,144,0.0002967999898828566,generated,,120.0,133,6,0,3,0,133,optimal,True,True,True,0.20120569999562576,
easy_13x13_01.txt,data\tracks\generated\easy_13x13_01.txt,Easy,13x13,1,1313214,13,13,169,0.00035669998032972217,generated,,120.0,25,23,0,16,0,25,optimal,True,True,True,0.09760979999555275,
easy_13x13_02.txt,data\tracks\generated\easy_13x13_02.txt,Easy,13x13,2,1313215,13,13,169,0.0002920999831985682,generated,,120.0,25,23,0,16,0,25,optimal,True,True,True,0.0929621999966912,
easy_13x13_03.txt,data\tracks\generated\easy_13x13_03.txt,Easy,13x13,3,1313216,13,13,169,0.0003335000074002892,generated,,120.0,25,23,0,16,0,25,optimal,True,True,True,0.09098519998951815,
easy_13x13_04.txt,data\tracks\generated\easy_13x13_04.txt,Easy,13x13,4,1313217,13,13,169,0.0002963000151794404,generated,,120.0,25,23,0,16,0,25,optimal,True,True,True,0.09531040000729263,
easy_13x13_05.txt,data\tracks\generated\easy_13x13_05.txt,Easy,13x13,5,1313218,13,13,169,0.0003257000062149018,generated,,120.0,25,23,0,16,0,25,optimal,True,True,True,0.09473800001433119,
easy_13x13_06.txt,data\tracks\generated\easy_13x13_06.txt,Easy,13x13,6,1313219,13,13,169,0.00029799999902024865,generated,,120.0,25,23,0,16,0,25,optimal,True,True,True,0.10908280001603998,
easy_13x13_07.txt,data\tracks\generated\easy_13x13_07.txt,Easy,13x13,7,1313220,13,13,169,0.00038010001298971474,generated,,120.0,25,23,0,16,0,25,optimal,True,True,True,0.09951379999984056,
easy_13x13_08.txt,data\tracks\generated\easy_13x13_08.txt,Easy,13x13,8,1313221,13,13,169,0.0003929000231437385,generated,,120.0,25,23,0,16,0,25,optimal,True,True,True,0.10271440001088195,
easy_13x13_09.txt,data\tracks\generated\easy_13x13_09.txt,Easy,13x13,9,1313222,13,13,169,0.0002747999969869852,generated,,120.0,25,23,0,16,0,25,optimal,True,True,True,0.0992227999959141,
easy_13x13_10.txt,data\tracks\generated\easy_13x13_10.txt,Easy,13x13,10,1313223,13,13,169,0.00029340002220124006,generated,,120.0,25,23,0,16,0,25,optimal,True,True,True,0.08866009998018853,
medium_13x13_01.txt,data\tracks\generated\medium_13x13_01.txt,Medium,13x13,1,1313224,13,13,169,0.0003738999948836863,generated,,120.0,97,12,0,9,0,97,optimal,True,True,True,0.14244240001426078,
medium_13x13_02.txt,data\tracks\generated\medium_13x13_02.txt,Medium,13x13,2,1313225,13,13,169,0.00046179999480955303,generated,,120.0,121,12,0,9,0,121,optimal,True,True,True,0.15627789997961372,
medium_13x13_03.txt,data\tracks\generated\medium_13x13_03.txt,Medium,13x13,3,1313226,13,13,169,0.0003665999975055456,generated,,120.0,97,12,0,9,0,97,optimal,True,True,True,0.1299445000186097,
medium_13x13_04.txt,data\tracks\generated\medium_13x13_04.txt,Medium,13x13,4,1313227,13,13,169,0.0003559000033419579,generated,,120.0,97,12,0,9,0,97,optimal,True,True,True,0.12943329999689013,
medium_13x13_05.txt,data\tracks\generated\medium_13x13_05.txt,Medium,13x13,5,1313228,13,13,169,0.000295000005280599,generated,,120.0,73,12,0,9,0,73,optimal,True,True,True,0.13266759997350164,
medium_13x13_06.txt,data\tracks\generated\medium_13x13_06.txt,Medium,13x13,6,1313229,13,13,169,0.00038559999666176736,generated,,120.0,145,12,0,9,0,145,optimal,True,True,True,0.20349070001975633,
medium_13x13_07.txt,data\tracks\generated\medium_13x13_07.txt,Medium,13x13,7,1313230,13,13,169,0.0003881000156980008,generated,,120.0,97,12,0,9,0,97,optimal,True,True,True,0.1318676999944728,
medium_13x13_08.txt,data\tracks\generated\medium_13x13_08.txt,Medium,13x13,8,1313231,13,13,169,0.0004228000179864466,generated,,120.0,169,12,0,9,0,169,optimal,True,True,True,0.23992520000319928,
medium_13x13_09.txt,data\tracks\generated\medium_13x13_09.txt,Medium,13x13,9,1313232,13,13,169,0.00035000001662410796,generated,,120.0,73,12,0,9,0,73,optimal,True,True,True,0.10896760001196526,
medium_13x13_10.txt,data\tracks\generated\medium_13x13_10.txt,Medium,13x13,10,1313233,13,13,169,0.0003870000073220581,generated,,120.0,121,12,0,9,0,121,optimal,True,True,True,0.1525305999966804,
hard_13x13_01.txt,data\tracks\generated\hard_13x13_01.txt,Hard,13x13,1,1313234,13,13,169,0.00032040002406574786,generated,,120.0,97,7,0,4,0,97,optimal,True,True,True,0.14223120000679046,
hard_13x13_02.txt,data\tracks\generated\hard_13x13_02.txt,Hard,13x13,2,1313235,13,13,169,0.0003330000035930425,generated,,120.0,97,7,0,4,0,97,optimal,True,True,True,0.14033729999209754,
hard_13x13_03.txt,data\tracks\generated\hard_13x13_03.txt,Hard,13x13,3,1313236,13,13,169,0.0004951999871991575,generated,,120.0,169,7,0,4,0,169,optimal,True,True,True,0.2522942000068724,
hard_13x13_04.txt,data\tracks\generated\hard_13x13_04.txt,Hard,13x13,4,1313237,13,13,169,0.0003908999788109213,generated,,120.0,169,7,0,4,0,169,optimal,True,True,True,0.2282771999889519,
hard_13x13_05.txt,data\tracks\generated\hard_13x13_05.txt,Hard,13x13,5,1313238,13,13,169,0.00030139999580569565,generated,,120.0,121,7,0,4,0,121,optimal,True,True,True,0.16250269999727607,
hard_13x13_06.txt,data\tracks\generated\hard_13x13_06.txt,Hard,13x13,6,1313239,13,13,169,0.0004862000059802085,generated,,120.0,97,7,0,4,0,97,optimal,True,True,True,0.13073860001168214,
hard_13x13_07.txt,data\tracks\generated\hard_13x13_07.txt,Hard,13x13,7,1313240,13,13,169,0.0003789000038523227,generated,,120.0,169,7,0,4,0,169,optimal,True,True,True,0.2187883000005968,
hard_13x13_08.txt,data\tracks\generated\hard_13x13_08.txt,Hard,13x13,8,1313241,13,13,169,0.000360800011549145,generated,,120.0,97,7,0,4,0,97,optimal,True,True,True,0.1403295999916736,
hard_13x13_09.txt,data\tracks\generated\hard_13x13_09.txt,Hard,13x13,9,1313242,13,13,169,0.00047759999870322645,generated,,120.0,145,7,0,4,0,145,optimal,True,True,True,0.21884010001667775,
hard_13x13_10.txt,data\tracks\generated\hard_13x13_10.txt,Hard,13x13,10,1313243,13,13,169,0.000474499975098297,generated,,120.0,169,7,0,4,0,169,optimal,True,True,True,0.2153165000199806,
easy_14x14_01.txt,data\tracks\generated\easy_14x14_01.txt,Easy,14x14,1,1414214,14,14,196,0.0002688000095076859,generated,,120.0,27,26,0,19,0,27,optimal,True,True,True,0.12135879998095334,
easy_14x14_02.txt,data\tracks\generated\easy_14x14_02.txt,Easy,14x14,2,1414215,14,14,196,0.0002812000166159123,generated,,120.0,27,26,0,19,0,27,optimal,True,True,True,0.11737200000789016,
easy_14x14_03.txt,data\tracks\generated\easy_14x14_03.txt,Easy,14x14,3,1414216,14,14,196,0.0002772000152617693,generated,,120.0,27,26,0,19,0,27,optimal,True,True,True,0.1205820000031963,
easy_14x14_04.txt,data\tracks\generated\easy_14x14_04.txt,Easy,14x14,4,1414217,14,14,196,0.00033560002339072526,generated,,120.0,27,26,0,19,0,27,optimal,True,True,True,0.12496379998628981,
easy_14x14_05.txt,data\tracks\generated\easy_14x14_05.txt,Easy,14x14,5,1414218,14,14,196,0.00030139999580569565,generated,,120.0,27,26,0,19,0,27,optimal,True,True,True,0.0966086000262294,
easy_14x14_06.txt,data\tracks\generated\easy_14x14_06.txt,Easy,14x14,6,1414219,14,14,196,0.00033989999792538583,generated,,120.0,27,26,0,19,0,27,optimal,True,True,True,0.11817569998675026,
easy_14x14_07.txt,data\tracks\generated\easy_14x14_07.txt,Easy,14x14,7,1414220,14,14,196,0.0003598000039346516,generated,,120.0,27,26,0,19,0,27,optimal,True,True,True,0.11617260001366958,
easy_14x14_08.txt,data\tracks\generated\easy_14x14_08.txt,Easy,14x14,8,1414221,14,14,196,0.00043990000267513096,generated,,120.0,27,26,0,19,0,27,optimal,True,True,True,0.12493680001352914,
easy_14x14_09.txt,data\tracks\generated\easy_14x14_09.txt,Easy,14x14,9,1414222,14,14,196,0.0003259000077378005,generated,,120.0,27,26,0,19,0,27,optimal,True,True,True,0.1261309999972582,
easy_14x14_10.txt,data\tracks\generated\easy_14x14_10.txt,Easy,14x14,10,1414223,14,14,196,0.0003923000185750425,generated,,120.0,27,26,0,19,0,27,optimal,True,True,True,0.09816709998995066,
medium_14x14_01.txt,data\tracks\generated\medium_14x14_01.txt,Medium,14x14,1,1414224,14,14,196,0.00048650000826455653,generated,,120.0,131,14,0,10,0,131,optimal,True,True,True,0.19371319998754188,
medium_14x14_02.txt,data\tracks\generated\medium_14x14_02.txt,Medium,14x14,2,1414225,14,14,196,0.00045780002255924046,generated,,120.0,79,14,0,10,0,79,optimal,True,True,True,0.1589164999895729,
medium_14x14_03.txt,data\tracks\generated\medium_14x14_03.txt,Medium,14x14,3,1414226,14,14,196,0.0003406000032555312,generated,,120.0,79,14,0,10,0,79,optimal,True,True,True,0.15706430000136606,
medium_14x14_04.txt,data\tracks\generated\medium_14x14_04.txt,Medium,14x14,4,1414227,14,14,196,0.0004856000014115125,generated,,120.0,79,14,0,10,0,79,optimal,True,True,True,0.1560860000026878,
medium_14x14_05.txt,data\tracks\generated\medium_14x14_05.txt,Medium,14x14,5,1414228,14,14,196,0.00047810000251047313,generated,,120.0,183,14,0,10,0,183,optimal,True,True,True,0.2622996999998577,
medium_14x14_06.txt,data\tracks\generated\medium_14x14_06.txt,Medium,14x14,6,1414229,14,14,196,0.00044689999776892364,generated,,120.0,105,14,0,10,0,105,optimal,True,True,True,0.1880994999955874,
medium_14x14_07.txt,data\tracks\generated\medium_14x14_07.txt,Medium,14x14,7,1414230,14,14,196,0.00041050001163966954,generated,,120.0,157,14,0,10,0,157,optimal,True,True,True,0.23179869999876246,
medium_14x14_08.txt,data\tracks\generated\medium_14x14_08.txt,Medium,14x14,8,1414231,14,14,196,0.00042070000199601054,generated,,120.0,131,14,0,10,0,131,optimal,True,True,True,0.19049700000323355,
medium_14x14_09.txt,data\tracks\generated\medium_14x14_09.txt,Medium,14x14,9,1414232,14,14,196,0.00037670001620426774,generated,,120.0,105,14,0,10,0,105,optimal,True,True,True,0.18591790000209585,
medium_14x14_10.txt,data\tracks\generated\medium_14x14_10.txt,Medium,14x14,10,1414233,14,14,196,0.00043829999049194157,generated,,120.0,183,14,0,10,0,183,optimal,True,True,True,0.28218829998513684,
hard_14x14_01.txt,data\tracks\generated\hard_14x14_01.txt,Hard,14x14,1,1414234,14,14,196,0.0005913999921176583,generated,,120.0,157,8,0,4,0,157,optimal,True,True,True,0.22157259998493828,
hard_14x14_02.txt,data\tracks\generated\hard_14x14_02.txt,Hard,14x14,2,1414235,14,14,196,0.0003582000208552927,generated,,120.0,157,8,0,4,0,157,optimal,True,True,True,0.22964620002312586,
hard_14x14_03.txt,data\tracks\generated\hard_14x14_03.txt,Hard,14x14,3,1414236,14,14,196,0.00039339999784715474,generated,,120.0,105,8,0,4,0,105,optimal,True,True,True,0.1385741000121925,
hard_14x14_04.txt,data\tracks\generated\hard_14x14_04.txt,Hard,14x14,4,1414237,14,14,196,0.0004709000058937818,generated,,120.0,183,8,0,4,0,183,optimal,True,True,True,0.21454909999738447,
hard_14x14_05.txt,data\tracks\generated\hard_14x14_05.txt,Hard,14x14,5,1414238,14,14,196,0.0004598999803420156,generated,,120.0,157,8,0,4,0,157,optimal,True,True,True,0.2051592000061646,
hard_14x14_06.txt,data\tracks\generated\hard_14x14_06.txt,Hard,14x14,6,1414239,14,14,196,0.0005619000003207475,generated,,120.0,131,8,0,4,0,131,optimal,True,True,True,0.17415030000847764,
hard_14x14_07.txt,data\tracks\generated\hard_14x14_07.txt,Hard,14x14,7,1414240,14,14,196,0.00043069999082945287,generated,,120.0,105,8,0,4,0,105,optimal,True,True,True,0.14511500002117828,
hard_14x14_08.txt,data\tracks\generated\hard_14x14_08.txt,Hard,14x14,8,1414241,14,14,196,0.00036509998608380556,generated,,120.0,131,8,0,4,0,131,optimal,True,True,True,0.17041379999136552,
hard_14x14_09.txt,data\tracks\generated\hard_14x14_09.txt,Hard,14x14,9,1414242,14,14,196,0.0004450000124052167,generated,,120.0,183,8,0,4,0,183,optimal,True,True,True,0.25157530000433326,
hard_14x14_10.txt,data\tracks\generated\hard_14x14_10.txt,Hard,14x14,10,1414243,14,14,196,0.0004330000083427876,generated,,120.0,157,8,0,4,0,157,optimal,True,True,True,0.21596990001853555,
easy_15x15_01.txt,data\tracks\generated\easy_15x15_01.txt,Easy,15x15,1,1515214,15,15,225,0.00035260000731796026,generated,,120.0,29,29,0,22,0,29,optimal,True,True,True,0.10311710002133623,
easy_15x15_02.txt,data\tracks\generated\easy_15x15_02.txt,Easy,15x15,2,1515215,15,15,225,0.0004292000085115433,generated,,120.0,29,29,0,22,0,29,optimal,True,True,True,0.09720759998890571,
easy_15x15_03.txt,data\tracks\generated\easy_15x15_03.txt,Easy,15x15,3,1515216,15,15,225,0.00034440000308677554,generated,,120.0,29,29,0,22,0,29,optimal,True,True,True,0.11182729998836294,
easy_15x15_04.txt,data\tracks\generated\easy_15x15_04.txt,Easy,15x15,4,1515217,15,15,225,0.00038529999437741935,generated,,120.0,29,29,0,22,0,29,optimal,True,True,True,0.10352010000497103,
easy_15x15_05.txt,data\tracks\generated\easy_15x15_05.txt,Easy,15x15,5,1515218,15,15,225,0.00039790000300854445,generated,,120.0,29,29,0,22,0,29,optimal,True,True,True,0.10571440000785515,
easy_15x15_06.txt,data\tracks\generated\easy_15x15_06.txt,Easy,15x15,6,1515219,15,15,225,0.0003121000190731138,generated,,120.0,29,29,0,22,0,29,optimal,True,True,True,0.11393739999039099,
easy_15x15_07.txt,data\tracks\generated\easy_15x15_07.txt,Easy,15x15,7,1515220,15,15,225,0.0004073000163771212,generated,,120.0,29,29,0,22,0,29,optimal,True,True,True,0.11239419999765232,
easy_15x15_08.txt,data\tracks\generated\easy_15x15_08.txt,Easy,15x15,8,1515221,15,15,225,0.0003276999923400581,generated,,120.0,29,29,0,22,0,29,optimal,True,True,True,0.13394580001477152,
easy_15x15_09.txt,data\tracks\generated\easy_15x15_09.txt,Easy,15x15,9,1515222,15,15,225,0.00042409999878145754,generated,,120.0,29,29,0,22,0,29,optimal,True,True,True,0.13164400000823662,
easy_15x15_10.txt,data\tracks\generated\easy_15x15_10.txt,Easy,15x15,10,1515223,15,15,225,0.00029570001061074436,generated,,120.0,29,29,0,22,0,29,optimal,True,True,True,0.1215721000044141,
medium_15x15_01.txt,data\tracks\generated\medium_15x15_01.txt,Medium,15x15,1,1515224,15,15,225,0.0005172000091988593,generated,,120.0,113,16,0,12,0,113,optimal,True,True,True,0.1755987000069581,
medium_15x15_02.txt,data\tracks\generated\medium_15x15_02.txt,Medium,15x15,2,1515225,15,15,225,0.00039850000757724047,generated,,120.0,141,16,0,12,0,141,optimal,True,True,True,0.21507470001233742,
medium_15x15_03.txt,data\tracks\generated\medium_15x15_03.txt,Medium,15x15,3,1515226,15,15,225,0.00041939999209716916,generated,,120.0,113,16,0,12,0,113,optimal,True,True,True,0.17360500001814216,
medium_15x15_04.txt,data\tracks\generated\medium_15x15_04.txt,Medium,15x15,4,1515227,15,15,225,0.0007485999958589673,generated,,120.0,225,16,0,12,0,225,optimal,True,True,True,0.3300206999992952,
medium_15x15_05.txt,data\tracks\generated\medium_15x15_05.txt,Medium,15x15,5,1515228,15,15,225,0.00036700000055134296,generated,,120.0,113,16,0,12,0,113,optimal,True,True,True,0.17457659999490716,
medium_15x15_06.txt,data\tracks\generated\medium_15x15_06.txt,Medium,15x15,6,1515229,15,15,225,0.000600500003201887,generated,,120.0,169,16,0,12,0,169,optimal,True,True,True,0.2574337999976706,
medium_15x15_07.txt,data\tracks\generated\medium_15x15_07.txt,Medium,15x15,7,1515230,15,15,225,0.000586600013775751,generated,,120.0,169,16,0,12,0,169,optimal,True,True,True,0.2606247999938205,
medium_15x15_08.txt,data\tracks\generated\medium_15x15_08.txt,Medium,15x15,8,1515231,15,15,225,0.0004307999915909022,generated,,120.0,85,16,0,12,0,85,optimal,True,True,True,0.14161869999952614,
medium_15x15_09.txt,data\tracks\generated\medium_15x15_09.txt,Medium,15x15,9,1515232,15,15,225,0.0005062999844085425,generated,,120.0,169,16,0,12,0,169,optimal,True,True,True,0.2527945999754593,
medium_15x15_10.txt,data\tracks\generated\medium_15x15_10.txt,Medium,15x15,10,1515233,15,15,225,0.000447300000814721,generated,,120.0,85,16,0,12,0,85,optimal,True,True,True,0.14761789998738095,
hard_15x15_01.txt,data\tracks\generated\hard_15x15_01.txt,Hard,15x15,1,1515234,15,15,225,0.0004278999986127019,generated,,120.0,169,9,0,5,0,169,optimal,True,True,True,0.3165471999964211,
hard_15x15_02.txt,data\tracks\generated\hard_15x15_02.txt,Hard,15x15,2,1515235,15,15,225,0.0007496000034734607,generated,,120.0,225,9,0,5,0,225,optimal,True,True,True,0.39784879999933764,
hard_15x15_03.txt,data\tracks\generated\hard_15x15_03.txt,Hard,15x15,3,1515236,15,15,225,0.0005033999914303422,generated,,120.0,141,9,0,5,0,141,optimal,True,True,True,0.23534949999884702,
hard_15x15_04.txt,data\tracks\generated\hard_15x15_04.txt,Hard,15x15,4,1515237,15,15,225,0.00041619999683462083,generated,,120.0,113,9,0,5,0,113,optimal,True,True,True,0.2255703000118956,
hard_15x15_05.txt,data\tracks\generated\hard_15x15_05.txt,Hard,15x15,5,1515238,15,15,225,0.0005787000118289143,generated,,120.0,225,9,0,5,0,225,optimal,True,True,True,0.38799650000873953,
hard_15x15_06.txt,data\tracks\generated\hard_15x15_06.txt,Hard,15x15,6,1515239,15,15,225,0.0005376000190153718,generated,,120.0,225,9,0,5,0,225,optimal,True,True,True,0.3848412999941502,
hard_15x15_07.txt,data\tracks\generated\hard_15x15_07.txt,Hard,15x15,7,1515240,15,15,225,0.00048580000293441117,generated,,120.0,197,9,0,5,0,197,optimal,True,True,True,0.3375072999915574,
hard_15x15_08.txt,data\tracks\generated\hard_15x15_08.txt,Hard,15x15,8,1515241,15,15,225,0.0005455000209622085,generated,,120.0,197,9,0,5,0,197,optimal,True,True,True,0.29988350000348873,
hard_15x15_09.txt,data\tracks\generated\hard_15x15_09.txt,Hard,15x15,9,1515242,15,15,225,0.00048389998846687376,generated,,120.0,225,9,0,5,0,225,optimal,True,True,True,0.4199398999917321,
hard_15x15_10.txt,data\tracks\generated\hard_15x15_10.txt,Hard,15x15,10,1515243,15,15,225,0.00038529999437741935,generated,,120.0,141,9,0,5,0,141,optimal,True,True,True,0.23766319997957908,
easy_16x16_01.txt,data\tracks\generated\easy_16x16_01.txt,Easy,16x16,1,1616214,16,16,256,0.0002793000021483749,generated,,120.0,31,31,0,25,0,31,optimal,True,True,True,0.10612799998489209,
easy_16x16_02.txt,data\tracks\generated\easy_16x16_02.txt,Easy,16x16,2,1616215,16,16,256,0.0004487999831326306,generated,,120.0,31,31,0,25,0,31,optimal,True,True,True,0.11135730001842603,
easy_16x16_03.txt,data\tracks\generated\easy_16x16_03.txt,Easy,16x16,3,1616216,16,16,256,0.0003127999952994287,generated,,120.0,31,31,0,25,0,31,optimal,True,True,True,0.10751089997938834,
easy_16x16_04.txt,data\tracks\generated\easy_16x16_04.txt,Easy,16x16,4,1616217,16,16,256,0.00039420000393874943,generated,,120.0,31,31,0,25,0,31,optimal,True,True,True,0.11796679999679327,
easy_16x16_05.txt,data\tracks\generated\easy_16x16_05.txt,Easy,16x16,5,1616218,16,16,256,0.00046369998017326,generated,,120.0,31,31,0,25,0,31,optimal,True,True,True,0.12619750000885688,
easy_16x16_06.txt,data\tracks\generated\easy_16x16_06.txt,Easy,16x16,6,1616219,16,16,256,0.00042249998659826815,generated,,120.0,31,31,0,25,0,31,optimal,True,True,True,0.11870680001447909,
easy_16x16_07.txt,data\tracks\generated\easy_16x16_07.txt,Easy,16x16,7,1616220,16,16,256,0.0004386999935377389,generated,,120.0,31,31,0,25,0,31,optimal,True,True,True,0.11826040002051741,
easy_16x16_08.txt,data\tracks\generated\easy_16x16_08.txt,Easy,16x16,8,1616221,16,16,256,0.0004106000124011189,generated,,120.0,31,31,0,25,0,31,optimal,True,True,True,0.10811150001245551,
easy_16x16_09.txt,data\tracks\generated\easy_16x16_09.txt,Easy,16x16,9,1616222,16,16,256,0.0004209000035189092,generated,,120.0,31,31,0,25,0,31,optimal,True,True,True,0.1078972999821417,
easy_16x16_10.txt,data\tracks\generated\easy_16x16_10.txt,Easy,16x16,10,1616223,16,16,256,0.0004050999996252358,generated,,120.0,31,31,0,25,0,31,optimal,True,True,True,0.1150525999837555,
medium_16x16_01.txt,data\tracks\generated\medium_16x16_01.txt,Medium,16x16,1,1616224,16,16,256,0.0004093000025022775,generated,,120.0,91,18,0,14,0,91,optimal,True,True,True,0.1634255000099074,
medium_16x16_02.txt,data\tracks\generated\medium_16x16_02.txt,Medium,16x16,2,1616225,16,16,256,0.0008379000064451247,generated,,120.0,241,18,0,14,0,241,optimal,True,True,True,0.42664849999709986,
medium_16x16_03.txt,data\tracks\generated\medium_16x16_03.txt,Medium,16x16,3,1616226,16,16,256,0.0005216000135987997,generated,,120.0,181,18,0,14,0,181,optimal,True,True,True,0.3034046000102535,
medium_16x16_04.txt,data\tracks\generated\medium_16x16_04.txt,Medium,16x16,4,1616227,16,16,256,0.00036299999919719994,generated,,120.0,151,18,0,14,0,151,optimal,True,True,True,0.24180859999614768,
medium_16x16_05.txt,data\tracks\generated\medium_16x16_05.txt,Medium,16x16,5,1616228,16,16,256,0.00046609999844804406,generated,,120.0,211,18,0,14,0,211,optimal,True,True,True,0.38076870000804774,
medium_16x16_06.txt,data\tracks\generated\medium_16x16_06.txt,Medium,16x16,6,1616229,16,16,256,0.0005252000119071454,generated,,120.0,211,18,0,14,0,211,optimal,True,True,True,0.3333218999905512,
medium_16x16_07.txt,data\tracks\generated\medium_16x16_07.txt,Medium,16x16,7,1616230,16,16,256,0.000395399983972311,generated,,120.0,121,18,0,14,0,121,optimal,True,True,True,0.18078070000046864,
medium_16x16_08.txt,data\tracks\generated\medium_16x16_08.txt,Medium,16x16,8,1616231,16,16,256,0.0004808999947272241,generated,,120.0,211,18,0,14,0,211,optimal,True,True,True,0.3296128000074532,
medium_16x16_09.txt,data\tracks\generated\medium_16x16_09.txt,Medium,16x16,9,1616232,16,16,256,0.0004413000133354217,generated,,120.0,181,18,0,14,0,181,optimal,True,True,True,0.30320409999694675,
medium_16x16_10.txt,data\tracks\generated\medium_16x16_10.txt,Medium,16x16,10,1616233,16,16,256,0.00034649998997338116,generated,,120.0,91,18,0,14,0,91,optimal,True,True,True,0.16061950000585057,
hard_16x16_01.txt,data\tracks\generated\hard_16x16_01.txt,Hard,16x16,1,1616234,16,16,256,0.0005107000179123133,generated,,120.0,151,10,0,6,0,151,optimal,True,True,True,0.26424620000761934,
hard_16x16_02.txt,data\tracks\generated\hard_16x16_02.txt,Hard,16x16,2,1616235,16,16,256,0.0004361000028438866,generated,,120.0,151,10,0,6,0,151,optimal,True,True,True,0.26220870000543073,
hard_16x16_03.txt,data\tracks\generated\hard_16x16_03.txt,Hard,16x16,3,1616236,16,16,256,0.0006007000047247857,generated,,120.0,241,10,0,6,0,241,optimal,True,True,True,0.466359799989732,
hard_16x16_04.txt,data\tracks\generated\hard_16x16_04.txt,Hard,16x16,4,1616237,16,16,256,0.0004310999938752502,generated,,120.0,181,10,0,6,0,181,optimal,True,True,True,0.31666030001360923,
hard_16x16_05.txt,data\tracks\generated\hard_16x16_05.txt,Hard,16x16,5,1616238,16,16,256,0.0005336000176612288,generated,,120.0,241,10,0,6,0,241,optimal,True,True,True,0.462215199979255,
hard_16x16_06.txt,data\tracks\generated\hard_16x16_06.txt,Hard,16x16,6,1616239,16,16,256,0.0004440000047907233,generated,,120.0,151,10,0,6,0,151,optimal,True,True,True,0.2365947999933269,
hard_16x16_07.txt,data\tracks\generated\hard_16x16_07.txt,Hard,16x16,7,1616240,16,16,256,0.0004957999917678535,generated,,120.0,211,10,0,6,0,211,optimal,True,True,True,0.3535015000088606,
hard_16x16_08.txt,data\tracks\generated\hard_16x16_08.txt,Hard,16x16,8,1616241,16,16,256,0.0005277000018395483,generated,,120.0,211,10,0,6,0,211,optimal,True,True,True,0.3201298000058159,
hard_16x16_09.txt,data\tracks\generated\hard_16x16_09.txt,Hard,16x16,9,1616242,16,16,256,0.0004552000027615577,generated,,120.0,211,10,0,6,0,211,optimal,True,True,True,0.29201130001456477,
hard_16x16_10.txt,data\tracks\generated\hard_16x16_10.txt,Hard,16x16,10,1616243,16,16,256,0.0004915999888908118,generated,,120.0,211,10,0,6,0,211,optimal,True,True,True,0.3579123000090476,
